<?xml version="1.0" encoding="UTF-8"?>
<root>
  <item name="android.provider.DeviceConfig android.provider.DeviceConfig.Properties getProperties(java.lang.String, java.lang.String...)">
    <annotation name="androidx.annotation.RequiresPermission">
      <val name="value" val="&quot;android.permission.READ_DEVICE_CONFIG&quot;" />
    </annotation>
  </item>
  <item name="android.provider.DeviceConfig boolean deleteProperty(java.lang.String, java.lang.String)">
    <annotation name="androidx.annotation.RequiresPermission">
      <val name="value" val="&quot;android.permission.WRITE_DEVICE_CONFIG&quot;" />
    </annotation>
  </item>
  <item name="android.provider.DeviceConfig boolean getBoolean(java.lang.String, java.lang.String, boolean)">
    <annotation name="androidx.annotation.RequiresPermission">
      <val name="value" val="&quot;android.permission.READ_DEVICE_CONFIG&quot;" />
    </annotation>
  </item>
  <item name="android.provider.DeviceConfig boolean setProperties(android.provider.DeviceConfig.Properties)">
    <annotation name="androidx.annotation.RequiresPermission">
      <val name="value" val="&quot;android.permission.WRITE_DEVICE_CONFIG&quot;" />
    </annotation>
  </item>
  <item name="android.provider.DeviceConfig boolean setProperty(java.lang.String, java.lang.String, java.lang.String, boolean)">
    <annotation name="androidx.annotation.RequiresPermission">
      <val name="value" val="&quot;android.permission.WRITE_DEVICE_CONFIG&quot;" />
    </annotation>
  </item>
  <item name="android.provider.DeviceConfig float getFloat(java.lang.String, java.lang.String, float)">
    <annotation name="androidx.annotation.RequiresPermission">
      <val name="value" val="&quot;android.permission.READ_DEVICE_CONFIG&quot;" />
    </annotation>
  </item>
  <item name="android.provider.DeviceConfig int getInt(java.lang.String, java.lang.String, int)">
    <annotation name="androidx.annotation.RequiresPermission">
      <val name="value" val="&quot;android.permission.READ_DEVICE_CONFIG&quot;" />
    </annotation>
  </item>
  <item name="android.provider.DeviceConfig int getSyncDisabledMode()">
    <annotation name="androidx.annotation.RequiresPermission">
      <val name="value" val="&quot;android.permission.WRITE_DEVICE_CONFIG&quot;" />
    </annotation>
  </item>
  <item name="android.provider.DeviceConfig java.lang.String getProperty(java.lang.String, java.lang.String)">
    <annotation name="androidx.annotation.RequiresPermission">
      <val name="value" val="&quot;android.permission.READ_DEVICE_CONFIG&quot;" />
    </annotation>
  </item>
  <item name="android.provider.DeviceConfig java.lang.String getString(java.lang.String, java.lang.String, java.lang.String)">
    <annotation name="androidx.annotation.RequiresPermission">
      <val name="value" val="&quot;android.permission.READ_DEVICE_CONFIG&quot;" />
    </annotation>
  </item>
  <item name="android.provider.DeviceConfig long getLong(java.lang.String, java.lang.String, long)">
    <annotation name="androidx.annotation.RequiresPermission">
      <val name="value" val="&quot;android.permission.READ_DEVICE_CONFIG&quot;" />
    </annotation>
  </item>
  <item name="android.provider.DeviceConfig void resetToDefaults(int, java.lang.String)">
    <annotation name="androidx.annotation.RequiresPermission">
      <val name="value" val="&quot;android.permission.WRITE_DEVICE_CONFIG&quot;" />
    </annotation>
  </item>
  <item name="android.provider.DeviceConfig void setSyncDisabledMode(int)">
    <annotation name="androidx.annotation.RequiresPermission">
      <val name="value" val="&quot;android.permission.WRITE_DEVICE_CONFIG&quot;" />
    </annotation>
  </item>
</root>

