<?xml version="1.0" encoding="UTF-8"?>
<root>
  <item name="android.os.flagging.AconfigStorageReadException AconfigStorageReadException(int, java.lang.String) 0">
    <annotation name="androidx.annotation.IntDef">
      <val name="value" val="{android.os.flagging.AconfigStorageReadException.ERROR_GENERIC, android.os.flagging.AconfigStorageReadException.ERROR_STORAGE_SYSTEM_NOT_FOUND, android.os.flagging.AconfigStorageReadException.ERROR_PACKAGE_NOT_FOUND, android.os.flagging.AconfigStorageReadException.ERROR_CONTAINER_NOT_FOUND, android.os.flagging.AconfigStorageReadException.ERROR_CANNOT_READ_STORAGE_FILE}" />
    </annotation>
  </item>
  <item name="android.os.flagging.AconfigStorageReadException AconfigStorageReadException(int, java.lang.String, java.lang.Throwable) 0">
    <annotation name="androidx.annotation.IntDef">
      <val name="value" val="{android.os.flagging.AconfigStorageReadException.ERROR_GENERIC, android.os.flagging.AconfigStorageReadException.ERROR_STORAGE_SYSTEM_NOT_FOUND, android.os.flagging.AconfigStorageReadException.ERROR_PACKAGE_NOT_FOUND, android.os.flagging.AconfigStorageReadException.ERROR_CONTAINER_NOT_FOUND, android.os.flagging.AconfigStorageReadException.ERROR_CANNOT_READ_STORAGE_FILE}" />
    </annotation>
  </item>
  <item name="android.os.flagging.AconfigStorageReadException AconfigStorageReadException(int, java.lang.Throwable) 0">
    <annotation name="androidx.annotation.IntDef">
      <val name="value" val="{android.os.flagging.AconfigStorageReadException.ERROR_GENERIC, android.os.flagging.AconfigStorageReadException.ERROR_STORAGE_SYSTEM_NOT_FOUND, android.os.flagging.AconfigStorageReadException.ERROR_PACKAGE_NOT_FOUND, android.os.flagging.AconfigStorageReadException.ERROR_CONTAINER_NOT_FOUND, android.os.flagging.AconfigStorageReadException.ERROR_CANNOT_READ_STORAGE_FILE}" />
    </annotation>
  </item>
  <item name="android.os.flagging.AconfigStorageReadException int getErrorCode()">
    <annotation name="androidx.annotation.IntDef">
      <val name="value" val="{android.os.flagging.AconfigStorageReadException.ERROR_GENERIC, android.os.flagging.AconfigStorageReadException.ERROR_STORAGE_SYSTEM_NOT_FOUND, android.os.flagging.AconfigStorageReadException.ERROR_PACKAGE_NOT_FOUND, android.os.flagging.AconfigStorageReadException.ERROR_CONTAINER_NOT_FOUND, android.os.flagging.AconfigStorageReadException.ERROR_CANNOT_READ_STORAGE_FILE}" />
    </annotation>
  </item>
</root>

